326002602;1;Omnicomm Profi 3.0 Wi-Fi;20326002602;
326002649;1;Omnicomm Profi 3.0 Wi-Fi;20326002649;
326003219;1;Omnicomm Profi 3.0 Wi-Fi;20326003219;
326003477;1;Omnicomm Profi 3.0 Wi-Fi;20326003477;
326001840;1;Omnicomm Profi 3.0 Wi-Fi;20326001840;
326001843;1;Omnicomm Profi 3.0 Wi-Fi;20326001843;
326003324;1;Omnicomm Profi 3.0 Wi-Fi;20326003324;
217003346;1;Omnicomm Profi 2.1 Wi-Fi;20217003346;
326002608;1;Omnicomm Profi 3.0 Wi-Fi;20326002608;
326004016;1;Omnicomm Profi 3.0 Wi-Fi;20326004016;
326003986;1;Omnicomm Profi 3.0 Wi-Fi;20326003986;
326003048;1;Omnicomm Profi 3.0 Wi-Fi;20326003048;
326005151;1;Omnicomm Profi 3.0 Wi-Fi;20326005151;
326005150;1;Omnicomm Profi 3.0 Wi-Fi;20326005150;
326004850;1;Omnicomm Profi 3.0 Wi-Fi;20326004850;
326004228;1;Omnicomm Profi 3.0 Wi-Fi;20326004228;
326004229;1;Omnicomm Profi 3.0 Wi-Fi;20326004229;
326004309;1;Omnicomm Profi 3.0 Wi-Fi;20326004309;
326002481;1;Omnicomm Profi 3.0 Wi-Fi;20326002481;
217003128;1;Omnicomm Profi 2.1 Wi-Fi;20217003128;
326002467;1;Omnicomm Profi 3.0 Wi-Fi;20326002467;
326002994;1;Omnicomm Profi 3.0 Wi-Fi;20326002994;
326000217;1;Omnicomm Profi 3.0 Wi-Fi;20326000217;
326001385;1;Omnicomm Profi 3.0 Wi-Fi;20326001385;
217003254;1;Omnicomm Profi 2.1 Wi-Fi;20217003254;
326000216;1;Omnicomm Profi 3.0 Wi-Fi;20326000216;
326005153;1;Omnicomm Profi 3.0 Wi-Fi;20326005153;
326001908;1;Omnicomm Profi 3.0 Wi-Fi;20326001908;
326000044;1;Omnicomm Profi 3.0 Wi-Fi;20326000044;
326001974;1;Omnicomm Profi 3.0 Wi-Fi;20326001974;
326001895;1;Omnicomm Profi 3.0 Wi-Fi;20326001895;
326001830;1;Omnicomm Profi 3.0 Wi-Fi;20326001830;
326001941;1;Omnicomm Profi 3.0 Wi-Fi;20326001941;
326002472;1;Omnicomm Profi 3.0 Wi-Fi;20326002472;
326002397;1;Omnicomm Profi 3.0 Wi-Fi;20326002397;
326007879;1;Omnicomm Profi 3.0 Wi-Fi;20326007879;
326007880;1;Omnicomm Profi 3.0 Wi-Fi;20326007880;
326007502;1;Omnicomm Profi 3.0 Wi-Fi;20326007502;
326003987;1;Omnicomm Profi 3.0 Wi-Fi;20326003987;
326002638;1;Omnicomm Profi 3.0 Wi-Fi;20326002638;
326002730;1;Omnicomm Profi 3.0 Wi-Fi;20326002730;
326003314;1;Omnicomm Profi 3.0 Wi-Fi;20326003314;
326003188;1;Omnicomm Profi 3.0 Wi-Fi;20326003188;
326001443;1;Omnicomm Profi 3.0 Wi-Fi;20326001443;
326002379;1;Omnicomm Profi 3.0 Wi-Fi;20326002379;
326003988;1;Omnicomm Profi 3.0 Wi-Fi;20326003988;
217002954;1;Omnicomm Profi 2.1 Wi-Fi;20217002954;
326003476;1;Omnicomm Profi 3.0 Wi-Fi;20326003476;
326003171;1;Omnicomm Profi 3.0 Wi-Fi;20326003171;
326003126;1;Omnicomm Profi 3.0 Wi-Fi;20326003126;
326003085;1;Omnicomm Profi 3.0 Wi-Fi;20326003085;
326002658;1;Omnicomm Profi 3.0 Wi-Fi;20326002658;
326003317;1;Omnicomm Profi 3.0 Wi-Fi;20326003317;
217003111;1;Omnicomm Profi 2.1 Wi-Fi;20217003111;
326003087;1;Omnicomm Profi 3.0 Wi-Fi;20326003087;
326002785;1;Omnicomm Profi 3.0 Wi-Fi;20326002785;
326002363;1;Omnicomm Profi 3.0 Wi-Fi;20326002363;
326002453;1;Omnicomm Profi 3.0 Wi-Fi;20326002453;
326003218;1;Omnicomm Profi 3.0 Wi-Fi;20326003218;
326003287;1;Omnicomm Profi 3.0 Wi-Fi;20326003287;
326002630;1;Omnicomm Profi 3.0 Wi-Fi;20326002630;
326003023;1;Omnicomm Profi 3.0 Wi-Fi;20326003023;
326003199;1;Omnicomm Profi 3.0 Wi-Fi;20326003199;
326002348;1;Omnicomm Profi 3.0 Wi-Fi;20326002348;
326002688;1;Omnicomm Profi 3.0 Wi-Fi;20326002688;
326002351;1;Omnicomm Profi 3.0 Wi-Fi;20326002351;
326000248;1;Omnicomm Profi 3.0 Wi-Fi;20326000248;
326002388;1;Omnicomm Profi 3.0 Wi-Fi;20326002388;
326002353;1;Omnicomm Profi 3.0 Wi-Fi;20326002353;
326002352;1;Omnicomm Profi 3.0 Wi-Fi;20326002352;
326002366;1;Omnicomm Profi 3.0 Wi-Fi;20326002366;
326002349;1;Omnicomm Profi 3.0 Wi-Fi;20326002349;
326002449;1;Omnicomm Profi 3.0 Wi-Fi;20326002449;
326002491;1;Omnicomm Profi 3.0 Wi-Fi;20326002491;
326001649;1;Omnicomm Profi 3.0 Wi-Fi;20326001649;
326000042;1;Omnicomm Profi 3.0 Wi-Fi;20326000042;
326001559;1;Omnicomm Profi 3.0 Wi-Fi;20326001559;
326001607;1;Omnicomm Profi 3.0 Wi-Fi;20326001607;
326003050;1;Omnicomm Profi 3.0 Wi-Fi;20326003050;
326001647;1;Omnicomm Profi 3.0 Wi-Fi;20326001647;
326003051;1;Omnicomm Profi 3.0 Wi-Fi;20326003051;
326001477;1;Omnicomm Profi 3.0 Wi-Fi;20326001477;
326001628;1;Omnicomm Profi 3.0 Wi-Fi;20326001628;
326001771;1;Omnicomm Profi 3.0 Wi-Fi;20326001771;
326001604;1;Omnicomm Profi 3.0 Wi-Fi;20326001604;
326001617;1;Omnicomm Profi 3.0 Wi-Fi;20326001617;
326001613;1;Omnicomm Profi 3.0 Wi-Fi;20326001613;
326002399;1;Omnicomm Profi 3.0 Wi-Fi;20326002399;
326000031;1;Omnicomm Profi 3.0 Wi-Fi;20326000031;
326002439;1;Omnicomm Profi 3.0 Wi-Fi;20326002439;
326002377;1;Omnicomm Profi 3.0 Wi-Fi;20326002377;
326002733;1;Omnicomm Profi 3.0 Wi-Fi;20326002733;
326002691;1;Omnicomm Profi 3.0 Wi-Fi;20326002691;
326002734;1;Omnicomm Profi 3.0 Wi-Fi;20326002734;
326002589;1;Omnicomm Profi 3.0 Wi-Fi;20326002589;
326002623;1;Omnicomm Profi 3.0 Wi-Fi;20326002623;
326002462;1;Omnicomm Profi 3.0 Wi-Fi;20326002462;
216003249;1;Omnicomm Profi 2.0 Wi-Fi;20216003249;
326001625;1;Omnicomm Profi 3.0 Wi-Fi;20326001625;
326002395;1;Omnicomm Profi 3.0 Wi-Fi;20326002395;
216003138;2;Omnicomm Profi 2.0 Wi-Fi;20216003138;
326000057;2;Omnicomm Profi 3.0 Wi-Fi;20326000057;
326002599;2;Omnicomm Profi 3.0 Wi-Fi;20326002599;
326000047;2;Omnicomm Profi 3.0 Wi-Fi;20326000047;
326002286;2;Omnicomm Profi 3.0 Wi-Fi;20326002286;
326003257;2;Omnicomm Profi 3.0 Wi-Fi;20326003257;
326003215;2;Omnicomm Profi 3.0 Wi-Fi;20326003215;
326001795;2;Omnicomm Profi 3.0 Wi-Fi;20326001795;
326003089;2;Omnicomm Profi 3.0 Wi-Fi;20326003089;
326001792;2;Omnicomm Profi 3.0 Wi-Fi;20326001792;
326001973;2;Omnicomm Profi 3.0 Wi-Fi;20326001973;
326002102;2;Omnicomm Profi 3.0 Wi-Fi;20326002102;
326001946;2;Omnicomm Profi 3.0 Wi-Fi;20326001946;
326000066;2;Omnicomm Profi 3.0 Wi-Fi;20326000066;
326001626;2;Omnicomm Profi 3.0 Wi-Fi;20326001626;
326001560;2;Omnicomm Profi 3.0 Wi-Fi;20326001560;
326001587;2;Omnicomm Profi 3.0 Wi-Fi;20326001587;
326001618;2;Omnicomm Profi 3.0 Wi-Fi;20326001618;
216003147;2;Omnicomm Profi 2.0 Wi-Fi;20216003147;
326003144;2;Omnicomm Profi 3.0 Wi-Fi;20326003144;
326003155;2;Omnicomm Profi 3.0 Wi-Fi;20326003155;
326002683;2;Omnicomm Profi 3.0 Wi-Fi;20326002683;
326002732;2;Omnicomm Profi 3.0 Wi-Fi;20326002732;
326002714;2;Omnicomm Profi 3.0 Wi-Fi;20326002714;
326002680;2;Omnicomm Profi 3.0 Wi-Fi;20326002680;
326003318;2;Omnicomm Profi 3.0 Wi-Fi;20326003318;
326002729;2;Omnicomm Profi 3.0 Wi-Fi;20326002729;
326002735;2;Omnicomm Profi 3.0 Wi-Fi;20326002735;
326002350;2;Omnicomm Profi 3.0 Wi-Fi;20326002350;
326002372;2;Omnicomm Profi 3.0 Wi-Fi;20326002372;
326002997;2;Omnicomm Profi 3.0 Wi-Fi;20326002997;
326001578;2;Omnicomm Profi 3.0 Wi-Fi;20326001578;
326001474;2;Omnicomm Profi 3.0 Wi-Fi;20326001474;
326003105;2;Omnicomm Profi 3.0 Wi-Fi;20326003105;
326003030;2;Omnicomm Profi 3.0 Wi-Fi;20326003030;
326003106;2;Omnicomm Profi 3.0 Wi-Fi;20326003106;
326001851;2;Omnicomm Profi 3.0 Wi-Fi;20326001851;
326001821;2;Omnicomm Profi 3.0 Wi-Fi;20326001821;
326000050;2;Omnicomm Profi 3.0 Wi-Fi;20326000050;
217003127;2;Omnicomm Profi 2.1 Wi-Fi;20217003127;
326004306;2;Omnicomm Profi 3.0 Wi-Fi;20326004306;
326002998;2;Omnicomm Profi 3.0 Wi-Fi;20326002998;
326002747;2;Omnicomm Profi 3.0 Wi-Fi;20326002747;
326004357;2;Omnicomm Profi 3.0 Wi-Fi;20326004357;
326004230;2;Omnicomm Profi 3.0 Wi-Fi;20326004230;
216001645;2;Omnicomm Profi 2.0 Wi-Fi;20216001645;
326001708;2;Omnicomm Profi 3.0 Wi-Fi;20326001708;
326002696;2;Omnicomm Profi 3.0 Wi-Fi;20326002696;
326001622;2;Omnicomm Profi 3.0 Wi-Fi;20326001622;
326002468;2;Omnicomm Profi 3.0 Wi-Fi;20326002468;
326001589;2;Omnicomm Profi 3.0 Wi-Fi;20326001589;
326002378;2;Omnicomm Profi 3.0 Wi-Fi;20326002378;
326002657;2;Omnicomm Profi 3.0 Wi-Fi;20326002657;
326004352;2;Omnicomm Profi 3.0 Wi-Fi;20326004352;
326004095;2;Omnicomm Profi 3.0 Wi-Fi;20326004095;
326001644;2;Omnicomm Profi 3.0 Wi-Fi;20326001644;
326002477;2;Omnicomm Profi 3.0 Wi-Fi;20326002477;
326002373;2;Omnicomm Profi 3.0 Wi-Fi;20326002373;
217003328;2;Omnicomm Profi 2.1 Wi-Fi;20217003328;
326002478;2;Omnicomm Profi 3.0 Wi-Fi;20326002478;
326002473;2;Omnicomm Profi 3.0 Wi-Fi;20326002473;
326002656;2;Omnicomm Profi 3.0 Wi-Fi;20326002656;
326000063;2;Omnicomm Profi 3.0 Wi-Fi;20326000063;
326000051;2;Omnicomm Profi 3.0 Wi-Fi;20326000051;
216003153;2;Omnicomm Profi 2.0 Wi-Fi;20216003153;
326001536;2;Omnicomm Profi 3.0 Wi-Fi;20326001536;
326001580;2;Omnicomm Profi 3.0 Wi-Fi;20326001580;
326001535;2;Omnicomm Profi 3.0 Wi-Fi;20326001535;
326003154;2;Omnicomm Profi 3.0 Wi-Fi;20326003154;
326003145;2;Omnicomm Profi 3.0 Wi-Fi;20326003145;
326002625;2;Omnicomm Profi 3.0 Wi-Fi;20326002625;
326002697;2;Omnicomm Profi 3.0 Wi-Fi;20326002697;
326003945;2;Omnicomm Profi 3.0 Wi-Fi;20326003945;
326004017;2;Omnicomm Profi 3.0 Wi-Fi;20326004017;
326006669;2;Omnicomm Profi 3.0 Wi-Fi;20326006669;
326006616;2;Omnicomm Profi 3.0 Wi-Fi;20326006616;
326006617;2;Omnicomm Profi 3.0 Wi-Fi;20326006617;
326006362;2;Omnicomm Profi 3.0 Wi-Fi;20326006362;
326006278;2;Omnicomm Profi 3.0 Wi-Fi;20326006278;
216003244;2;Omnicomm Profi 2.0 Wi-Fi;20216003244;
326001863;2;Omnicomm Profi 3.0 Wi-Fi;20326001863;
326001982;2;Omnicomm Profi 3.0 Wi-Fi;20326001982;
326001860;2;Omnicomm Profi 3.0 Wi-Fi;20326001860;
326001966;2;Omnicomm Profi 3.0 Wi-Fi;20326001966;
326001948;2;Omnicomm Profi 3.0 Wi-Fi;20326001948;
326001702;2;Omnicomm Profi 3.0 Wi-Fi;20326001702;
326001634;2;Omnicomm Profi 3.0 Wi-Fi;20326001634;
326001723;2;Omnicomm Profi 3.0 Wi-Fi;20326001723;
326002095;2;Omnicomm Profi 3.0 Wi-Fi;20326002095;
203020410;2;Omnicomm Profi 2.0;20203020410;
326000658;2;Omnicomm Profi 3.0 Wi-Fi;20326000658;
326002156;2;Omnicomm Profi 3.0 Wi-Fi;20326002156;
203020413;2;Omnicomm Profi 2.0;20203020413;
217003395;2;Omnicomm Profi 2.1 Wi-Fi;20217003395;
326008751;2;Omnicomm Profi 3.0 Wi-Fi;20326008751;
216003251;2;Omnicomm Profi 2.0 Wi-Fi;20216003251;
216003256;2;Omnicomm Profi 2.0 Wi-Fi;20216003256;
216003630;2;Omnicomm Profi 2.0 Wi-Fi;20216003630;
216003631;2;Omnicomm Profi 2.0 Wi-Fi;20216003631;
326001965;2;Omnicomm Profi 3.0 Wi-Fi;20326001965;
326002100;3;Omnicomm Profi 3.0 Wi-Fi;20326002100;
326001883;3;Omnicomm Profi 3.0 Wi-Fi;20326001883;
326006401;3;Omnicomm Profi 3.0 Wi-Fi;20326006401;
326006365;3;Omnicomm Profi 3.0 Wi-Fi;20326006365;
326006364;3;Omnicomm Profi 3.0 Wi-Fi;20326006364;
326006400;3;Omnicomm Profi 3.0 Wi-Fi;20326006400;
326002455;3;Omnicomm Profi 3.0 Wi-Fi;20326002455;
326002383;3;Omnicomm Profi 3.0 Wi-Fi;20326002383;
326001880;3;Omnicomm Profi 3.0 Wi-Fi;20326001880;
326003281;3;Omnicomm Profi 3.0 Wi-Fi;20326003281;
326001741;3;Omnicomm Profi 3.0 Wi-Fi;20326001741;
326002482;3;Omnicomm Profi 3.0 Wi-Fi;20326002482;
203031044;3;Omnicomm Profi 2.0;20203031044;
203031054;3;Omnicomm Profi 2.0;20203031054;
326003280;3;Omnicomm Profi 3.0 Wi-Fi;20326003280;
326003282;3;Omnicomm Profi 3.0 Wi-Fi;20326003282;
203031043;3;Omnicomm Profi 2.0;20203031043;
326003061;3;Omnicomm Profi 3.0 Wi-Fi;20326003061;
326004283;3;Omnicomm Profi 3.0 Wi-Fi;20326004283;
326008697;3;Omnicomm Profi 3.0 Wi-Fi;20326008697;
326004408;3;Omnicomm Profi 3.0 Wi-Fi;20326004408;
217003357;3;Omnicomm Profi 2.1 Wi-Fi;20217003357;
326007755;3;Omnicomm Profi 3.0 Wi-Fi;20326007755;
326008759;3;Omnicomm Profi 3.0 Wi-Fi;20326008759;
326002681;3;Omnicomm Profi 3.0 Wi-Fi;20326002681;
326002626;3;Omnicomm Profi 3.0 Wi-Fi;20326002626;
326002611;3;Omnicomm Profi 3.0 Wi-Fi;20326002611;
326002721;3;Omnicomm Profi 3.0 Wi-Fi;20326002721;
326004094;3;Omnicomm Profi 3.0 Wi-Fi;20326004094;
326001445;3;Omnicomm Profi 3.0 Wi-Fi;20326001445;
326001601;3;Omnicomm Profi 3.0 Wi-Fi;20326001601;
326001600;3;Omnicomm Profi 3.0 Wi-Fi;20326001600;
326001486;3;Omnicomm Profi 3.0 Wi-Fi;20326001486;
326001583;3;Omnicomm Profi 3.0 Wi-Fi;20326001583;
326002722;3;Omnicomm Profi 3.0 Wi-Fi;20326002722;
326003024;3;Omnicomm Profi 3.0 Wi-Fi;20326003024;
326003263;3;Omnicomm Profi 3.0 Wi-Fi;20326003263;
203031042;3;Omnicomm Profi 2.0;20203031042;
326001831;3;Omnicomm Profi 3.0 Wi-Fi;20326001831;
326003197;3;Omnicomm Profi 3.0 Wi-Fi;20326003197;
326003196;3;Omnicomm Profi 3.0 Wi-Fi;20326003196;
217003387;3;Omnicomm Profi 2.1 Wi-Fi;20217003387;
326002647;3;Omnicomm Profi 3.0 Wi-Fi;20326002647;
326002618;3;Omnicomm Profi 3.0 Wi-Fi;20326002618;
326002707;3;Omnicomm Profi 3.0 Wi-Fi;20326002707;
326007725;3;Omnicomm Profi 3.0 Wi-Fi;20326007725;
326002488;3;Omnicomm Profi 3.0 Wi-Fi;20326002488;
326003170;3;Omnicomm Profi 3.0 Wi-Fi;20326003170;
326003189;3;Omnicomm Profi 3.0 Wi-Fi;20326003189;
326004343;3;Omnicomm Profi 3.0 Wi-Fi;20326004343;
326002361;3;Omnicomm Profi 3.0 Wi-Fi;20326002361;
326000118;3;Omnicomm Profi 3.0 Wi-Fi;20326000118;
203020419;3;Omnicomm Profi 2.0;20203020419;
203020412;3;Omnicomm Profi 2.0;20203020412;
216001653;3;Omnicomm Profi 2.0 Wi-Fi;20216001653;
216003089;3;Omnicomm Profi 2.0 Wi-Fi;20216003089;
326000127;3;Omnicomm Profi 3.0 Wi-Fi;20326000127;
326000125;3;Omnicomm Profi 3.0 Wi-Fi;20326000125;
326001704;3;Omnicomm Profi 3.0 Wi-Fi;20326001704;
216003145;3;Omnicomm Profi 2.0 Wi-Fi;20216003145;
326007722;3;Omnicomm Profi 3.0 Wi-Fi;20326007722;
326007723;3;Omnicomm Profi 3.0 Wi-Fi;20326007723;
326007817;3;Omnicomm Profi 3.0 Wi-Fi;20326007817;
326006399;3;Omnicomm Profi 3.0 Wi-Fi;20326006399;
326001983;3;Omnicomm Profi 3.0 Wi-Fi;20326001983;
326001693;3;Omnicomm Profi 3.0 Wi-Fi;20326001693;
326001838;3;Omnicomm Profi 3.0 Wi-Fi;20326001838;
326001816;3;Omnicomm Profi 3.0 Wi-Fi;20326001816;
326001581;3;Omnicomm Profi 3.0 Wi-Fi;20326001581;
326000119;3;Omnicomm Profi 3.0 Wi-Fi;20326000119;
326006566;3;Omnicomm Profi 3.0 Wi-Fi;20326006566;
326006567;3;Omnicomm Profi 3.0 Wi-Fi;20326006567;
326006395;3;Omnicomm Profi 3.0 Wi-Fi;20326006395;
326006394;3;Omnicomm Profi 3.0 Wi-Fi;20326006394;
326006353;3;Omnicomm Profi 3.0 Wi-Fi;20326006353;
326006351;3;Omnicomm Profi 3.0 Wi-Fi;20326006351;
326006396;3;Omnicomm Profi 3.0 Wi-Fi;20326006396;
326006441;3;Omnicomm Profi 3.0 Wi-Fi;20326006441;
326003315;3;Omnicomm Profi 3.0 Wi-Fi;20326003315;
326006352;3;Omnicomm Profi 3.0 Wi-Fi;20326006352;
326006397;3;Omnicomm Profi 3.0 Wi-Fi;20326006397;
326006438;3;Omnicomm Profi 3.0 Wi-Fi;20326006438;
303000213;3;Omnicomm Profi 3.0;20303000213;
326006398;3;Omnicomm Profi 3.0 Wi-Fi;20326006398;
326006464;3;Omnicomm Profi 3.0 Wi-Fi;20326006464;
326001886;3;Omnicomm Profi 3.0 Wi-Fi;20326001886;
326001707;3;Omnicomm Profi 3.0 Wi-Fi;20326001707;
326001837;3;Omnicomm Profi 3.0 Wi-Fi;20326001837;
326003081;3;Omnicomm Profi 3.0 Wi-Fi;20326003081;
203031005;3;Omnicomm Profi 2.0;20203031005;
203028656;3;Omnicomm Profi 2.0;20203028656;
326001588;3;Omnicomm Profi 3.0 Wi-Fi;20326001588;
216003084;3;Omnicomm Profi 2.0 Wi-Fi;20216003084;
216003637;3;Omnicomm Profi 2.0 Wi-Fi;20216003637;
326003320;3;Omnicomm Profi 3.0 Wi-Fi;20326003320;
326002484;3;Omnicomm Profi 3.0 Wi-Fi;20326002484;
326002627;3;Omnicomm Profi 3.0 Wi-Fi;20326002627;
326002092;3;Omnicomm Profi 3.0 Wi-Fi;20326002092;
326003016;3;Omnicomm Profi 3.0 Wi-Fi;20326003016;
326002742;3;Omnicomm Profi 3.0 Wi-Fi;20326002742;
216003636;4;Omnicomm Profi 2.0 Wi-Fi;20216003636;
326001804;4;Omnicomm Profi 3.0 Wi-Fi;20326001804;
326004288;4;Omnicomm Profi 3.0 Wi-Fi;20326004288;
217002705;4;Omnicomm Profi 2.1 Wi-Fi;20217002705;
326001817;4;Omnicomm Profi 3.0 Wi-Fi;20326001817;
203020762;4;Omnicomm Profi 2.0;20203020762;
326002461;4;Omnicomm Profi 3.0 Wi-Fi;20326002461;
217003321;4;Omnicomm Profi 2.1 Wi-Fi;20217003321;
326002471;4;Omnicomm Profi 3.0 Wi-Fi;20326002471;
326004341;4;Omnicomm Profi 3.0 Wi-Fi;20326004341;
326000045;4;Omnicomm Profi 3.0 Wi-Fi;20326000045;
326000240;4;Omnicomm Profi 3.0 Wi-Fi;20326000240;
326000033;4;Omnicomm Profi 3.0 Wi-Fi;20326000033;
326000046;4;Omnicomm Profi 3.0 Wi-Fi;20326000046;
303000279;4;Omnicomm Profi 3.0;20303000279;
216003078;4;Omnicomm Profi 2.0 Wi-Fi;20216003078;
326001722;4;Omnicomm Profi 3.0 Wi-Fi;20326001722;
326001674;4;Omnicomm Profi 3.0 Wi-Fi;20326001674;
326002094;4;Omnicomm Profi 3.0 Wi-Fi;20326002094;
326002093;4;Omnicomm Profi 3.0 Wi-Fi;20326002093;
326001918;4;Omnicomm Profi 3.0 Wi-Fi;20326001918;
326001839;4;Omnicomm Profi 3.0 Wi-Fi;20326001839;
326004096;4;Omnicomm Profi 3.0 Wi-Fi;20326004096;
326000067;4;Omnicomm Profi 3.0 Wi-Fi;20326000067;
326002648;4;Omnicomm Profi 3.0 Wi-Fi;20326002648;
326001641;4;Omnicomm Profi 3.0 Wi-Fi;20326001641;
326001740;4;Omnicomm Profi 3.0 Wi-Fi;20326001740;
326001635;4;Omnicomm Profi 3.0 Wi-Fi;20326001635;
326001757;4;Omnicomm Profi 3.0 Wi-Fi;20326001757;
326002690;4;Omnicomm Profi 3.0 Wi-Fi;20326002690;
326001592;4;Omnicomm Profi 3.0 Wi-Fi;20326001592;
326003027;4;Omnicomm Profi 3.0 Wi-Fi;20326003027;
326001752;4;Omnicomm Profi 3.0 Wi-Fi;20326001752;
326001884;4;Omnicomm Profi 3.0 Wi-Fi;20326001884;
326003333;4;Omnicomm Profi 3.0 Wi-Fi;20326003333;
326001638;4;Omnicomm Profi 3.0 Wi-Fi;20326001638;
326001791;4;Omnicomm Profi 3.0 Wi-Fi;20326001791;
326003186;4;Omnicomm Profi 3.0 Wi-Fi;20326003186;
326001927;4;Omnicomm Profi 3.0 Wi-Fi;20326001927;
326000241;4;Omnicomm Profi 3.0 Wi-Fi;20326000241;
326001738;4;Omnicomm Profi 3.0 Wi-Fi;20326001738;
326001873;4;Omnicomm Profi 3.0 Wi-Fi;20326001873;
326001919;4;Omnicomm Profi 3.0 Wi-Fi;20326001919;
326001739;4;Omnicomm Profi 3.0 Wi-Fi;20326001739;
326001882;4;Omnicomm Profi 3.0 Wi-Fi;20326001882;
326002114;4;Omnicomm Profi 3.0 Wi-Fi;20326002114;
326001875;4;Omnicomm Profi 3.0 Wi-Fi;20326001875;
326000239;4;Omnicomm Profi 3.0 Wi-Fi;20326000239;
326006350;4;Omnicomm Profi 3.0 Wi-Fi;20326006350;
326006614;4;Omnicomm Profi 3.0 Wi-Fi;20326006614;
326006439;4;Omnicomm Profi 3.0 Wi-Fi;20326006439;
326007703;4;Omnicomm Profi 3.0 Wi-Fi;20326007703;
326007702;4;Omnicomm Profi 3.0 Wi-Fi;20326007702;
326006440;4;Omnicomm Profi 3.0 Wi-Fi;20326006440;
326002458;4;Omnicomm Profi 3.0 Wi-Fi;20326002458;
216001628;4;Omnicomm Profi 2.0 Wi-Fi;20216001628;
326006363;4;Omnicomm Profi 3.0 Wi-Fi;20326006363;
326006568;4;Omnicomm Profi 3.0 Wi-Fi;20326006568;
326006569;4;Omnicomm Profi 3.0 Wi-Fi;20326006569;
326001605;4;Omnicomm Profi 3.0 Wi-Fi;20326001605;
326001582;4;Omnicomm Profi 3.0 Wi-Fi;20326001582;
326002384;4;Omnicomm Profi 3.0 Wi-Fi;20326002384;
326002436;4;Omnicomm Profi 3.0 Wi-Fi;20326002436;
326004848;4;Omnicomm Profi 3.0 Wi-Fi;20326004848;
326002432;4;Omnicomm Profi 3.0 Wi-Fi;20326002432;
326000054;4;Omnicomm Profi 3.0 Wi-Fi;20326000054;
326002740;4;Omnicomm Profi 3.0 Wi-Fi;20326002740;
326004851;4;Omnicomm Profi 3.0 Wi-Fi;20326004851;
326002387;4;Omnicomm Profi 3.0 Wi-Fi;20326002387;
326002666;4;Omnicomm Profi 3.0 Wi-Fi;20326002666;
217003313;4;Omnicomm Profi 2.1 Wi-Fi;20217003313;
217003169;4;Omnicomm Profi 2.1 Wi-Fi;20217003169;
326002457;4;Omnicomm Profi 3.0 Wi-Fi;20326002457;
326000052;4;Omnicomm Profi 3.0 Wi-Fi;20326000052;
217003119;4;Omnicomm Profi 2.1 Wi-Fi;20217003119;
326002745;4;Omnicomm Profi 3.0 Wi-Fi;20326002745;
216003142;4;Omnicomm Profi 2.0 Wi-Fi;20216003142;
326001823;4;Omnicomm Profi 3.0 Wi-Fi;20326001823;
326007756;4;Omnicomm Profi 3.0 Wi-Fi;20326007756;
326003028;4;Omnicomm Profi 3.0 Wi-Fi;20326003028;
326002660;4;Omnicomm Profi 3.0 Wi-Fi;20326002660;
326003334;4;Omnicomm Profi 3.0 Wi-Fi;20326003334;
326003332;4;Omnicomm Profi 3.0 Wi-Fi;20326003332;
326003187;4;Omnicomm Profi 3.0 Wi-Fi;20326003187;
326003335;4;Omnicomm Profi 3.0 Wi-Fi;20326003335;
203028654;4;Omnicomm Profi 2.0;20203028654;
326007479;4;Omnicomm Profi 3.0 Wi-Fi;20326007479;
326004345;4;Omnicomm Profi 3.0 Wi-Fi;20326004345;
203020406;4;Omnicomm Profi 2.0;20203020406;
203020407;4;Omnicomm Profi 2.0;20203020407;
326004231;4;Omnicomm Profi 3.0 Wi-Fi;20326004231;
326002739;4;Omnicomm Profi 3.0 Wi-Fi;20326002739;
203020411;4;Omnicomm Profi 2.0;20203020411;
203020405;4;Omnicomm Profi 2.0;20203020405;
203031007;4;Omnicomm Profi 2.0;20203031007;
203020415;4;Omnicomm Profi 2.0;20203020415;
326001642;4;Omnicomm Profi 3.0 Wi-Fi;20326001642;
326002737;4;Omnicomm Profi 3.0 Wi-Fi;20326002737;
326000032;4;Omnicomm Profi 3.0 Wi-Fi;20326000032;
326002645;4;Omnicomm Profi 3.0 Wi-Fi;20326002645;
326001967;5;Omnicomm Profi 3.0 Wi-Fi;20326001967;
326001696;5;Omnicomm Profi 3.0 Wi-Fi;20326001696;
203031053;5;Omnicomm Profi 2.0;20203031053;
216007493;5;Omnicomm Profi 2.0 Wi-Fi;20216007493;
326001706;5;Omnicomm Profi 3.0 Wi-Fi;20326001706;
326001694;5;Omnicomm Profi 3.0 Wi-Fi;20326001694;
326001777;5;Omnicomm Profi 3.0 Wi-Fi;20326001777;
326002456;5;Omnicomm Profi 3.0 Wi-Fi;20326002456;
216003148;5;Omnicomm Profi 2.0 Wi-Fi;20216003148;
303000211;5;Omnicomm Profi 3.0;20303000211;
303000212;5;Omnicomm Profi 3.0;20303000212;
216001641;5;Omnicomm Profi 2.0 Wi-Fi;20216001641;
326003247;5;Omnicomm Profi 3.0 Wi-Fi;20326003247;
326002185;5;Omnicomm Profi 3.0 Wi-Fi;20326002185;
326003014;5;Omnicomm Profi 3.0 Wi-Fi;20326003014;
326003223;5;Omnicomm Profi 3.0 Wi-Fi;20326003223;
326002476;5;Omnicomm Profi 3.0 Wi-Fi;20326002476;
217003385;5;Omnicomm Profi 2.1 Wi-Fi;20217003385;
217003400;5;Omnicomm Profi 2.1 Wi-Fi;20217003400;
217003402;5;Omnicomm Profi 2.1 Wi-Fi;20217003402;
326004342;5;Omnicomm Profi 3.0 Wi-Fi;20326004342;
326001585;5;Omnicomm Profi 3.0 Wi-Fi;20326001585;
326003183;5;Omnicomm Profi 3.0 Wi-Fi;20326003183;
326000126;5;Omnicomm Profi 3.0 Wi-Fi;20326000126;
326001627;5;Omnicomm Profi 3.0 Wi-Fi;20326001627;
326002393;5;Omnicomm Profi 3.0 Wi-Fi;20326002393;
326000087;5;Omnicomm Profi 3.0 Wi-Fi;20326000087;
326000237;5;Omnicomm Profi 3.0 Wi-Fi;20326000237;
326001475;5;Omnicomm Profi 3.0 Wi-Fi;20326001475;
326000117;5;Omnicomm Profi 3.0 Wi-Fi;20326000117;
326000331;5;Omnicomm Profi 3.0 Wi-Fi;20326000331;
326000093;5;Omnicomm Profi 3.0 Wi-Fi;20326000093;
326002394;5;Omnicomm Profi 3.0 Wi-Fi;20326002394;
326002466;5;Omnicomm Profi 3.0 Wi-Fi;20326002466;
326002274;5;Omnicomm Profi 3.0 Wi-Fi;20326002274;
216003087;5;Omnicomm Profi 2.0 Wi-Fi;20216003087;
217003320;5;Omnicomm Profi 2.1 Wi-Fi;20217003320;
326002465;5;Omnicomm Profi 3.0 Wi-Fi;20326002465;
326002624;5;Omnicomm Profi 3.0 Wi-Fi;20326002624;
326002689;5;Omnicomm Profi 3.0 Wi-Fi;20326002689;
217003261;5;Omnicomm Profi 2.1 Wi-Fi;20217003261;
326002731;5;Omnicomm Profi 3.0 Wi-Fi;20326002731;
326003084;5;Omnicomm Profi 3.0 Wi-Fi;20326003084;
203020409;5;Omnicomm Profi 2.0;20203020409;
216003088;5;Omnicomm Profi 2.0 Wi-Fi;20216003088;
326001598;5;Omnicomm Profi 3.0 Wi-Fi;20326001598;
326008730;5;Omnicomm Profi 3.0 Wi-Fi;20326008730;
326007881;5;Omnicomm Profi 3.0 Wi-Fi;20326007881;
326008753;5;Omnicomm Profi 3.0 Wi-Fi;20326008753;
326008752;5;Omnicomm Profi 3.0 Wi-Fi;20326008752;
326008732;5;Omnicomm Profi 3.0 Wi-Fi;20326008732;
326008795;5;Omnicomm Profi 3.0 Wi-Fi;20326008795;
326008769;5;Omnicomm Profi 3.0 Wi-Fi;20326008769;
326008656;5;Omnicomm Profi 3.0 Wi-Fi;20326008656;
326008733;5;Omnicomm Profi 3.0 Wi-Fi;20326008733;
326008814;5;Omnicomm Profi 3.0 Wi-Fi;20326008814;
326008731;5;Omnicomm Profi 3.0 Wi-Fi;20326008731;
326002598;5;Omnicomm Profi 3.0 Wi-Fi;20326002598;
216007496;5;Omnicomm Profi 2.0 Wi-Fi;20216007496;
216003248;5;Omnicomm Profi 2.0 Wi-Fi;20216003248;
326002712;5;Omnicomm Profi 3.0 Wi-Fi;20326002712;
217002706;5;Omnicomm Profi 2.1 Wi-Fi;20217002706;
216001625;5;Omnicomm Profi 2.0 Wi-Fi;20216001625;
216007494;5;Omnicomm Profi 2.0 Wi-Fi;20216007494;
216001648;5;Omnicomm Profi 2.0 Wi-Fi;20216001648;
326002389;5;Omnicomm Profi 3.0 Wi-Fi;20326002389;
326002435;5;Omnicomm Profi 3.0 Wi-Fi;20326002435;
326003465;5;Omnicomm Profi 3.0 Wi-Fi;20326003465;
326001871;5;Omnicomm Profi 3.0 Wi-Fi;20326001871;
326002738;5;Omnicomm Profi 3.0 Wi-Fi;20326002738;
326002591;5;Omnicomm Profi 3.0 Wi-Fi;20326002591;
217003318;5;Omnicomm Profi 2.1 Wi-Fi;20217003318;
217003323;5;Omnicomm Profi 2.1 Wi-Fi;20217003323;
217003260;5;Omnicomm Profi 2.1 Wi-Fi;20217003260;
217003392;5;Omnicomm Profi 2.1 Wi-Fi;20217003392;
326004241;5;Omnicomm Profi 3.0 Wi-Fi;20326004241;
217003257;5;Omnicomm Profi 2.1 Wi-Fi;20217003257;
326002376;5;Omnicomm Profi 3.0 Wi-Fi;20326002376;
326003129;5;Omnicomm Profi 3.0 Wi-Fi;20326003129;
326003326;5;Omnicomm Profi 3.0 Wi-Fi;20326003326;
326001870;5;Omnicomm Profi 3.0 Wi-Fi;20326001870;
326003053;5;Omnicomm Profi 3.0 Wi-Fi;20326003053;
326003483;5;Omnicomm Profi 3.0 Wi-Fi;20326003483;
326003130;5;Omnicomm Profi 3.0 Wi-Fi;20326003130;
326002622;5;Omnicomm Profi 3.0 Wi-Fi;20326002622;
326003484;5;Omnicomm Profi 3.0 Wi-Fi;20326003484;
326002699;5;Omnicomm Profi 3.0 Wi-Fi;20326002699;
326003143;5;Omnicomm Profi 3.0 Wi-Fi;20326003143;
326003233;5;Omnicomm Profi 3.0 Wi-Fi;20326003233;
326001900;5;Omnicomm Profi 3.0 Wi-Fi;20326001900;
326002367;5;Omnicomm Profi 3.0 Wi-Fi;20326002367;
326002452;5;Omnicomm Profi 3.0 Wi-Fi;20326002452;
326001978;5;Omnicomm Profi 3.0 Wi-Fi;20326001978;
326001933;5;Omnicomm Profi 3.0 Wi-Fi;20326001933;
326003260;5;Omnicomm Profi 3.0 Wi-Fi;20326003260;
326001854;5;Omnicomm Profi 3.0 Wi-Fi;20326001854;
326002403;5;Omnicomm Profi 3.0 Wi-Fi;20326002403;
326003141;5;Omnicomm Profi 3.0 Wi-Fi;20326003141;
326002746;5;Omnicomm Profi 3.0 Wi-Fi;20326002746;
326002428;5;Omnicomm Profi 3.0 Wi-Fi;20326002428;
